Type,Name,Request Count,Failure Count,Median Response Time,Average Response Time,Min Response Time,Max Response Time,Average Content Size,Requests/s,Failures/s,50%,66%,75%,80%,90%,95%,98%,99%,99.9%,99.99%,100%
GET,/health,1,0,20.63189999989845,20.63189999989845,20.63189999989845,20.63189999989845,38.0,0.33894091469433485,0.0,21,21,21,21,21,21,21,21,21,21,21
GET,/users/,3,0,20,17.549199999848497,9.396299999934854,22.85719999963476,209.33333333333334,1.0168227440830047,0.0,20,20,23,23,23,23,23,23,23,23,23
POST,/users/,7,1,58,53.42051428572501,34.364199999799894,69.53650000014022,71.57142857142857,2.3725864028603443,0.33894091469433485,58,60,68,68,70,70,70,70,70,70,70
,Aggregated,11,1,37,40.65664545450173,9.396299999934854,69.53650000014022,106.0909090909091,3.7283500616376837,0.33894091469433485,37,58,60,60,68,70,70,70,70,70,70
